user_name,user_id,state
Emma Stewart,U476616,active
Abigail Hughes,U297015,active
Chloe Wood,U346561,active
William Roberts,U977454,active
Daniel Bennett,U872282,active
Emily Miller,U700672,active
Madison Moore,U700516,active
Chloe Rogers,U144991,active
Michael Cox,U824115,active
Mia Hill,U511908,active
Alexander Cruz,U917218,active
Sophia Thompson,U180698,active
Sophia Cox,U507687,active
Michael Parker,U266829,active
Sophia Williams,U652606,active
William Allen,U979173,active
Olivia Price,U387250,active
Aiden Morris,U556850,active
Aiden Richardson,U806445,active
Isabella Gray,U401211,active
Daniel Phillips,U966556,active
William Gray,U139455,active
Emma King,U215381,active
Noah Thomas,U531649,deleted
Noah Nelson,U292615,active
Chloe Turner,U812256,active
Ava Watson,U443006,active
Sophia Watson,U189100,active
Alexander Reed,U213037,active
Alexander Stewart,U192467,active
