user_name,user_id,state
Daniel Phillips,U966556,active
Noah Thomas,U531649,active
Alexander Reed,U213037,active
Emily Miller,U700672,active
Daniel Kelly,U266829,active
William Roberts,U977454,active
Daniel Bennett,U872282,active
Madison Moore,U700516,deleted
Michael Cox,U824115,active
William Allen,U979173,active
Chloe Wood,U346561,active
Isabella Gray,U401211,active
Aiden Richardson,U806445,active
Mia Hill,U511908,active
Emma Stewart,U476616,active
Alexander Cruz,U917218,active
Olivia Price,U387250,active
Ava Watson,U443006,active
Sophia Cox,U507687,active
Alexander Stewart,U192467,active
Sophia Williams,U652606,active
Abigail Hughes,U297015,active
Noah Nelson,U292615,active
Chloe Turner,U812256,active
William Gray,U139455,active
Sophia Thompson,U180698,active
Chloe Rogers,U144991,active
